"seqnames","start","end","width","strand","protospacer","pam","pam_site","cut_site","region","percentGC","polyA","polyC","polyG","polyT","startingGGGGG","NNGG","score_ruleset1","score_crisprater","guide_id","composite_score","gc_percent","transcript","mature_transcript_position","transcript_region","exon_number","distance_to_tss","editing_candidates","cloning_oligo","restriction_site_hit"
"chr17",7661965,7661965,1,"+","GAGATGGGATTTCGCTATGT","TGG",7661965,7661962,"region_1",45,FALSE,FALSE,FALSE,FALSE,FALSE,"TTGG",0.0245893726042759,0.674067365,"spacer_3",0.349328368802138,45,"ENST00000413465.6",835,"exon",7,14632,NA,NA,NA
"chr17",7661970,7661970,1,"-","GTCAGGAGTTCAAGACAGCC","TGG",7661970,7661973,"region_1",55,FALSE,FALSE,FALSE,FALSE,FALSE,"CTGG",0.0962031345465779,0.543680355,"spacer_4",0.319941744773289,55,"ENST00000413465.6",824,"exon",7,14621,NA,NA,NA
"chr17",7661970,7661970,1,"+","GGGATTTCGCTATGTTGGCC","AGG",7661970,7661967,"region_1",55,FALSE,FALSE,FALSE,FALSE,FALSE,"CAGG",0.0479927537225616,0.58755567,"spacer_5",0.317774211861281,55,"ENST00000413465.6",830,"exon",7,14627,NA,NA,NA
"chr17",7661987,7661987,1,"-","CAGGTGGATCACCTGAGGTC","AGG",7661987,7661990,"region_1",60,FALSE,FALSE,FALSE,FALSE,FALSE,"CAGG",0.0267298437209536,0.7103423,"spacer_6",0.368536071860477,60,"ENST00000413465.6",807,"exon",7,14604,NA,NA,NA
"chr17",7661992,7661992,1,"-","CAAGGCAGGTGGATCACCTG","AGG",7661992,7661995,"region_1",60,FALSE,FALSE,FALSE,FALSE,FALSE,"GAGG",0.0251215161062475,0.852444855,"spacer_7",0.438783185553124,60,"ENST00000413465.6",802,"exon",7,14599,NA,NA,NA
"chr17",7661994,7661994,1,"+","TGTCTTGAACTCCTGACCTC","AGG",7661994,7661991,"region_1",50,FALSE,FALSE,FALSE,FALSE,FALSE,"CAGG",0.12155408262927,0.763553165,"spacer_8",0.442553623814635,50,"ENST00000413465.6",806,"exon",7,14603,NA,NA,NA
"chr17",7662003,7662003,1,"-","TCTCTTTAGGCCAAGGCAGG","TGG",7662003,7662006,"region_1",55,FALSE,FALSE,FALSE,FALSE,FALSE,"GTGG",0.100394273038802,0.833218305,"spacer_9",0.466806289019401,55,"ENST00000413465.6",791,"exon",7,14588,NA,NA,NA
"chr17",7662006,7662006,1,"-","CTCTCTCTTTAGGCCAAGGC","AGG",7662006,7662009,"region_1",55,FALSE,FALSE,FALSE,FALSE,FALSE,"CAGG",0.0484795500620871,0.588361485,"spacer_10",0.318420517531044,55,"ENST00000413465.6",788,"exon",7,14585,NA,NA,NA
"chr17",7662010,7662010,1,"-","CTCTCTCTCTCTTTAGGCCA","AGG",7662010,7662013,"region_1",50,FALSE,FALSE,FALSE,FALSE,FALSE,"AAGG",0.480262290827602,0.50832279,"spacer_11",0.494292540413801,50,"ENST00000413465.6",784,"exon",7,14581,NA,NA,NA
"chr17",7662011,7662011,1,"+","CTCAGGTGATCCACCTGCCT","TGG",7662011,7662008,"region_1",60,FALSE,FALSE,FALSE,FALSE,FALSE,"TTGG",0.0236304138331326,0.75912231,"spacer_12",0.391376361916566,60,"ENST00000413465.6",789,"exon",7,14586,NA,NA,NA
"chr17",7666184,7666184,1,"-","CCCAGCTACTCGGGAGGCTG","AGG",7666184,7666187,"region_2",70,FALSE,FALSE,FALSE,FALSE,FALSE,"GAGG",0.063466257616079,0.699960295,"spacer_13",0.381713276308039,70,"ENST00000413465.6",NA,"intron",NA,10407,NA,NA,NA
"chr17",7666190,7666190,1,"-","TGTAATCCCAGCTACTCGGG","AGG",7666190,7666193,"region_2",55,FALSE,FALSE,FALSE,FALSE,FALSE,"GAGG",0.659511243489383,0.784438295,"spacer_14",0.721974769244692,55,"ENST00000413465.6",NA,"intron",NA,10401,NA,NA,NA
"chr17",7666193,7666193,1,"-","ACCTGTAATCCCAGCTACTC","GGG",7666193,7666196,"region_2",50,FALSE,FALSE,FALSE,FALSE,FALSE,"CGGG",0.0253324882189037,0.603048825,"spacer_15",0.314190656609452,50,"ENST00000413465.6",NA,"intron",NA,10398,NA,NA,NA
"chr17",7666194,7666194,1,"-","CACCTGTAATCCCAGCTACT","CGG",7666194,7666197,"region_2",50,FALSE,FALSE,FALSE,FALSE,FALSE,"TCGG",0.194733675218405,0.744944925,"spacer_16",0.469839300109202,50,"ENST00000413465.6",NA,"intron",NA,10397,NA,NA,NA
"chr17",7666201,7666201,1,"+","GCCTCAGCCTCCCGAGTAGC","TGG",7666201,7666198,"region_2",70,FALSE,FALSE,FALSE,FALSE,FALSE,"CTGG",0.0432788582257876,0.49415477,"spacer_17",0.268716814112894,70,"ENST00000413465.6",NA,"intron",NA,10396,NA,NA,NA
"chr17",7666202,7666202,1,"+","CCTCAGCCTCCCGAGTAGCT","GGG",7666202,7666199,"region_2",65,FALSE,FALSE,FALSE,FALSE,FALSE,"TGGG",0.225385563512601,0.78085961,"spacer_18",0.503122586756301,65,"ENST00000413465.6",NA,"intron",NA,10395,NA,NA,NA
"chr17",7666210,7666210,1,"+","TCCCGAGTAGCTGGGATTAC","AGG",7666210,7666207,"region_2",55,FALSE,FALSE,FALSE,FALSE,FALSE,"CAGG",0.0566151700045884,0.678867835,"spacer_19",0.367741502502294,55,"ENST00000413465.6",NA,"intron",NA,10387,NA,NA,NA
"chr17",7666221,7666221,1,"-","ACATTTCCGGCCAGGCACGG","TGG",7666221,7666224,"region_2",65,FALSE,FALSE,FALSE,FALSE,FALSE,"GTGG",0.222521752378447,0.701068735,"spacer_20",0.461795243689223,65,"ENST00000413465.6",NA,"intron",NA,10370,NA,NA,NA
"chr17",7666229,7666229,1,"+","CAGGTGTGATCCACCGTGCC","TGG",7666229,7666226,"region_2",65,FALSE,FALSE,FALSE,FALSE,FALSE,"CTGG",0.0310010661140398,0.7103423,"spacer_23",0.37067168305702,65,"ENST00000413465.6",NA,"intron",NA,10368,NA,NA,NA
"chr17",7666233,7666233,1,"+","TGTGATCCACCGTGCCTGGC","CGG",7666233,7666230,"region_2",65,FALSE,FALSE,FALSE,FALSE,FALSE,"CCGG",0.0918665014999723,0.705284685,"spacer_24",0.398575593249986,65,"ENST00000413465.6",NA,"intron",NA,10364,NA,NA,NA
"chr17",7667173,7667173,1,"-","TGCAGTGTGATGATTTGATA","TGG",7667173,7667176,"region_4",35,FALSE,FALSE,FALSE,FALSE,FALSE,"ATGG",0.00854395030545394,0.74024756,"spacer_26",0.374395755152727,35,"ENST00000413465.6",NA,"intron",NA,9418,NA,NA,NA
"chr17",7667215,7667215,1,"+","ACCTTGAATGTATGCAATTT","TGG",7667215,7667212,"region_4",30,FALSE,FALSE,FALSE,FALSE,FALSE,"TTGG",0.00134308787109248,0.598248355,"spacer_28",0.299795721435546,30,"ENST00000413465.6",NA,"intron",NA,9382,NA,NA,NA
"chr17",7667294,7667294,1,"-","CTGTCCTTGCCTCTGTAGAC","AGG",7667294,7667297,"region_4",55,FALSE,FALSE,FALSE,FALSE,FALSE,"CAGG",0.197475345977517,0.56950455,"spacer_38",0.383489947988759,55,"ENST00000413465.6",NA,"intron",NA,9297,NA,NA,NA
"chr17",7667303,7667303,1,"+","TCAAGGTGACCTGTCTACAG","AGG",7667303,7667300,"region_4",50,FALSE,FALSE,FALSE,FALSE,FALSE,"GAGG",0.641316747793872,0.82878745,"spacer_39",0.735052098896936,50,"ENST00000413465.6",NA,"intron",NA,9294,NA,NA,NA
"chr17",7667308,7667308,1,"+","GTGACCTGTCTACAGAGGCA","AGG",7667308,7667305,"region_4",55,FALSE,FALSE,FALSE,FALSE,FALSE,"AAGG",0.2564745368215,0.602791405,"spacer_40",0.42963297091075,55,"ENST00000413465.6",NA,"intron",NA,9289,NA,NA,NA
"chr17",7667313,7667313,1,"+","CTGTCTACAGAGGCAAGGAC","AGG",7667313,7667310,"region_4",55,FALSE,FALSE,FALSE,FALSE,FALSE,"CAGG",0.080680441704958,0.52093187,"spacer_41",0.300806155852479,55,"ENST00000413465.6",NA,"intron",NA,9284,NA,NA,NA
"chr17",7667314,7667314,1,"+","TGTCTACAGAGGCAAGGACA","GGG",7667314,7667311,"region_4",50,FALSE,FALSE,FALSE,FALSE,FALSE,"AGGG",0.510695387772642,0.72915787,"spacer_42",0.619926628886321,50,"ENST00000413465.6",NA,"intron",NA,9283,NA,NA,NA
"chr17",7667327,7667327,1,"+","AAGGACAGGGACTGAGCTTC","AGG",7667327,7667324,"region_4",55,FALSE,FALSE,FALSE,FALSE,FALSE,"CAGG",0.00242174536507618,0.597260835,"spacer_43",0.299841290182538,55,"ENST00000413465.6",NA,"intron",NA,9270,NA,NA,NA
"chr17",7667344,7667344,1,"-","AACATCTGTCCCTACCCAGC","AGG",7667344,7667347,"region_4",55,FALSE,FALSE,FALSE,FALSE,FALSE,"CAGG",0.231993528796436,0.721390625,"spacer_44",0.476692076898218,55,"ENST00000413465.6",NA,"intron",NA,9247,NA,NA,NA
"chr17",7667347,7667347,1,"+","AGGAGCTCTAGTTTGCCTGC","TGG",7667347,7667344,"region_4",55,FALSE,FALSE,FALSE,FALSE,FALSE,"CTGG",0.105283651152952,0.70721324,"spacer_45",0.406248445576476,55,"ENST00000413465.6",NA,"intron",NA,9250,NA,NA,NA
"chr17",7667348,7667348,1,"+","GGAGCTCTAGTTTGCCTGCT","GGG",7667348,7667345,"region_4",55,FALSE,FALSE,FALSE,FALSE,FALSE,"TGGG",0.259895737994223,0.531913845,"spacer_46",0.395904791497111,55,"ENST00000413465.6",NA,"intron",NA,9249,NA,NA,NA
"chr17",7667352,7667352,1,"+","CTCTAGTTTGCCTGCTGGGT","AGG",7667352,7667349,"region_4",55,FALSE,FALSE,FALSE,FALSE,FALSE,"TAGG",0.00162183328223388,0.577823115,"spacer_47",0.289722474141117,55,"ENST00000413465.6",NA,"intron",NA,9245,NA,NA,NA
"chr17",7667353,7667353,1,"+","TCTAGTTTGCCTGCTGGGTA","GGG",7667353,7667350,"region_4",50,FALSE,FALSE,FALSE,FALSE,FALSE,"AGGG",0.192505418262779,0.72895054,"spacer_48",0.460727979131389,50,"ENST00000413465.6",NA,"intron",NA,9244,NA,NA,NA
"chr17",7667395,7667395,1,"+","GTCTCTGAAAGAGGCGGGTC","TGG",7667395,7667392,"region_4",60,FALSE,FALSE,FALSE,FALSE,FALSE,"CTGG",0.00590656864080422,0.484449605,"spacer_52",0.245178086820402,60,"ENST00000413465.6",NA,"intron",NA,9202,NA,NA,NA
"chr17",7667404,7667404,1,"+","AGAGGCGGGTCTGGATCTCC","TGG",7667404,7667401,"region_4",65,FALSE,FALSE,FALSE,FALSE,FALSE,"CTGG",0.00140024747833879,0.625615605,"spacer_54",0.313507926239169,65,"ENST00000413465.6",NA,"intron",NA,9193,NA,NA,NA
"chr17",7667405,7667405,1,"+","GAGGCGGGTCTGGATCTCCT","GGG",7667405,7667402,"region_4",65,FALSE,FALSE,FALSE,FALSE,FALSE,"TGGG",0.135645834576879,0.75069219,"spacer_55",0.443169012288439,65,"ENST00000413465.6",NA,"intron",NA,9192,NA,NA,NA
"chr17",7667406,7667406,1,"+","AGGCGGGTCTGGATCTCCTG","GGG",7667406,7667403,"region_4",65,FALSE,FALSE,FALSE,FALSE,FALSE,"GGGG",0.244549851686595,0.875999155,"spacer_56",0.560274503343298,65,"ENST00000413465.6",NA,"intron",NA,9191,NA,NA,NA
"chr17",7669621,7669621,1,"+","GGAGAATGTCAGTCTGAGTC","AGG",7669621,7669618,"region_5",50,FALSE,FALSE,FALSE,FALSE,FALSE,"CAGG",0.129826993841911,0.705644935,"spacer_58",0.417735964420956,50,"ENST00000413465.6",NA,"intron",NA,6976,NA,NA,NA
"chr17",7669626,7669626,1,"-","AACTCATGTTCAAGACAGAA","GGG",7669626,7669629,"region_5",35,FALSE,FALSE,FALSE,FALSE,FALSE,"AGGG",0.343668996618857,0.38866522,"spacer_59",0.366167108309429,35,"ENST00000413465.6",NA,"intron",NA,6965,NA,NA,NA
"chr17",7669627,7669627,1,"-","AAACTCATGTTCAAGACAGA","AGG",7669627,7669630,"region_5",35,FALSE,FALSE,FALSE,FALSE,FALSE,"AAGG",0.0607879884531038,0.70721324,"spacer_60",0.384000614226552,35,"ENST00000413465.6",NA,"intron",NA,6964,NA,NA,NA
"chr17",7669695,7669695,1,"+","TTTGGACTTCAGGTGGCTGT","AGG",7669695,7669692,"region_5",50,FALSE,FALSE,FALSE,FALSE,FALSE,"TAGG",0.0951891274013835,0.81076487,"spacer_70",0.452976998700692,50,"ENST00000413465.6",NA,"intron",NA,6902,NA,NA,NA
"chr17",7669708,7669708,1,"+","TGGCTGTAGGAGACAGAAGC","AGG",7669708,7669705,"region_5",55,FALSE,FALSE,FALSE,FALSE,FALSE,"CAGG",0.156066875972971,0.71054963,"spacer_71",0.433308252986485,55,"ENST00000413465.6",NA,"intron",NA,6889,NA,NA,NA
"chr17",7669709,7669709,1,"+","GGCTGTAGGAGACAGAAGCA","GGG",7669709,7669706,"region_7",55,FALSE,FALSE,FALSE,FALSE,FALSE,"AGGG",0.223365185064246,0.625146375,"spacer_72",0.424255780032123,55,"ENST00000413465.6",NA,"intron",NA,6888,NA,NA,NA
"chr17",7669712,7669712,1,"+","TGTAGGAGACAGAAGCAGGG","AGG",7669712,7669709,"region_7",55,FALSE,FALSE,FALSE,FALSE,FALSE,"GAGG",0.589561140210756,0.841026915,"spacer_73",0.715294027605378,55,"ENST00000413465.6",NA,"intron",NA,6885,NA,NA,NA
"chr17",7669738,7669738,1,"+","GATGACATCACATGAGTGAG","AGG",7669738,7669735,"region_7",45,FALSE,FALSE,FALSE,FALSE,FALSE,"GAGG",0.290814913215982,0.631953735,"spacer_74",0.461384324107991,45,"ENST00000413465.6",NA,"intron",NA,6859,NA,NA,NA
"chr17",7669739,7669739,1,"+","ATGACATCACATGAGTGAGA","GGG",7669739,7669736,"region_7",40,FALSE,FALSE,FALSE,FALSE,FALSE,"AGGG",0.209158737476259,0.63739403,"spacer_75",0.42327638373813,40,"ENST00000413465.6",NA,"intron",NA,6858,NA,NA,NA
"chr17",7669752,7669752,1,"-","CAAAGCATTGGTCAGGGAAA","AGG",7669752,7669755,"region_7",45,FALSE,FALSE,FALSE,FALSE,FALSE,"AAGG",0.0116370364261439,0.721390625,"spacer_78",0.366513830713072,45,"ENST00000413465.6",NA,"intron",NA,6839,NA,NA,NA
"chr17",7669758,7669758,1,"-","GCCCTTCAAAGCATTGGTCA","GGG",7669758,7669761,"region_7",50,FALSE,FALSE,FALSE,FALSE,FALSE,"AGGG",0.22108032578677,0.70721324,"spacer_79",0.464146782893385,50,"ENST00000413465.6",NA,"intron",NA,6833,NA,NA,NA
"chr17",7669759,7669759,1,"-","GGCCCTTCAAAGCATTGGTC","AGG",7669759,7669762,"region_7",55,FALSE,FALSE,FALSE,FALSE,FALSE,"CAGG",0.0323097618852579,0.635825725,"spacer_80",0.334067743442629,55,"ENST00000413465.6",NA,"intron",NA,6832,NA,NA,NA
"chr17",7669764,7669764,1,"-","CCTTAGGCCCTTCAAAGCAT","TGG",7669764,7669767,"region_7",50,FALSE,FALSE,FALSE,FALSE,FALSE,"TTGG",0.444263423508305,0.67221361,"spacer_81",0.558238516754152,50,"ENST00000413465.6",NA,"intron",NA,6827,NA,NA,NA
"chr17",7669774,7669774,1,"+","TTCCCTGACCAATGCTTTGA","AGG",7669774,7669771,"region_7",45,FALSE,FALSE,FALSE,FALSE,FALSE,"AAGG",0.00903608710047689,0.59487124,"spacer_82",0.301953663550238,45,"ENST00000413465.6",NA,"intron",NA,6823,NA,NA,NA
"chr17",7669775,7669775,1,"+","TCCCTGACCAATGCTTTGAA","GGG",7669775,7669772,"region_7",45,FALSE,FALSE,FALSE,FALSE,FALSE,"AGGG",0.348397086861019,0.7103423,"spacer_83",0.529369693430509,45,"ENST00000413465.6",NA,"intron",NA,6822,NA,NA,NA
"chr17",7669780,7669780,1,"-","ATTCCCGTTGTCCCAGCCTT","AGG",7669780,7669783,"region_7",55,FALSE,FALSE,FALSE,FALSE,FALSE,"TAGG",0.0870450133513092,0.65465911,"spacer_84",0.370852061675655,55,"ENST00000413465.6",NA,"intron",NA,6811,NA,NA,NA
"chr17",7669782,7669782,1,"+","CCAATGCTTTGAAGGGCCTA","AGG",7669782,7669779,"region_7",50,FALSE,FALSE,FALSE,FALSE,FALSE,"AAGG",0.0658779808654806,0.65988998,"spacer_85",0.36288398043274,50,"ENST00000413465.6",NA,"intron",NA,6815,NA,NA,NA
"chr17",7669786,7669786,1,"+","TGCTTTGAAGGGCCTAAGGC","TGG",7669786,7669783,"region_7",55,FALSE,FALSE,FALSE,FALSE,FALSE,"CTGG",0.0306366719205628,0.67235808,"spacer_86",0.351497375960281,55,"ENST00000413465.6",NA,"intron",NA,6811,NA,NA,NA
"chr17",7669787,7669787,1,"+","GCTTTGAAGGGCCTAAGGCT","GGG",7669787,7669784,"region_7",55,FALSE,FALSE,FALSE,FALSE,FALSE,"TGGG",0.202277212709662,0.6234336,"spacer_87",0.412855406354831,55,"ENST00000413465.6",NA,"intron",NA,6810,NA,NA,NA
"chr17",7670628,7670628,1,"-","AGGCTGGGAAGGAGCCAGGG","GGG",7670628,7670631,"region_8",70,FALSE,FALSE,FALSE,FALSE,FALSE,"GGGG",0.231468774116465,0.756341585,"spacer_92",0.493905179558232,70,"ENST00000413465.6",NA,"intron",NA,5963,NA,NA,NA
"chr17",7670629,7670629,1,"-","CAGGCTGGGAAGGAGCCAGG","GGG",7670629,7670632,"region_8",70,FALSE,FALSE,FALSE,FALSE,FALSE,"GGGG",0.0993170746590014,0.782625645,"spacer_93",0.440971359829501,70,"ENST00000413465.6",NA,"intron",NA,5962,NA,NA,NA
"chr17",7670630,7670630,1,"-","CCAGGCTGGGAAGGAGCCAG","GGG",7670630,7670633,"region_8",70,FALSE,FALSE,FALSE,FALSE,FALSE,"GGGG",0.083124270464684,0.68110336,"spacer_94",0.382113815232342,70,"ENST00000413465.6",NA,"intron",NA,5961,NA,NA,NA
"chr17",7670631,7670631,1,"-","CCCAGGCTGGGAAGGAGCCA","GGG",7670631,7670634,"region_8",70,FALSE,FALSE,FALSE,FALSE,FALSE,"AGGG",0.187015095124352,0.702422135,"spacer_95",0.444718615062176,70,"ENST00000413465.6",NA,"intron",NA,5960,NA,NA,NA
"chr17",7670632,7670632,1,"-","GCCCAGGCTGGGAAGGAGCC","AGG",7670632,7670635,"region_8",75,FALSE,FALSE,FALSE,FALSE,FALSE,"CAGG",0.0189029979181435,0.757554005,"spacer_96",0.388228501459072,75,"ENST00000413465.6",NA,"intron",NA,5959,NA,NA,NA
"chr17",7670639,7670639,1,"-","CAAGGATGCCCAGGCTGGGA","AGG",7670639,7670642,"region_8",65,FALSE,FALSE,FALSE,FALSE,FALSE,"AAGG",0.0325841261235119,0.64426521,"spacer_98",0.338424668061756,65,"ENST00000413465.6",NA,"intron",NA,5952,NA,NA,NA
"chr17",7670643,7670643,1,"-","AACTCAAGGATGCCCAGGCT","GGG",7670643,7670646,"region_8",55,FALSE,FALSE,FALSE,FALSE,FALSE,"TGGG",0.0285685201363001,0.60253887,"spacer_99",0.31555369506815,55,"ENST00000413465.6",NA,"intron",NA,5948,NA,NA,NA
"chr17",7670644,7670644,1,"-","GAACTCAAGGATGCCCAGGC","TGG",7670644,7670647,"region_8",60,FALSE,FALSE,FALSE,FALSE,FALSE,"CTGG",0.027571292706925,0.686788,"spacer_100",0.357179646353462,60,"ENST00000413465.6",NA,"intron",NA,5947,NA,NA,NA
"chr17",7670648,7670648,1,"-","CTTGGAACTCAAGGATGCCC","AGG",7670648,7670651,"region_8",55,FALSE,FALSE,FALSE,FALSE,FALSE,"CAGG",0.260051731267223,0.62524599,"spacer_101",0.442648860633611,55,"ENST00000413465.6",NA,"intron",NA,5943,NA,NA,NA
"chr17",7670649,7670649,1,"+","CCCTGGCTCCTTCCCAGCCT","GGG",7670649,7670646,"region_8",70,FALSE,FALSE,FALSE,FALSE,FALSE,"TGGG",0.128567772929724,0.725835455,"spacer_103",0.427201613964862,70,"ENST00000413465.6",NA,"intron",NA,5948,NA,NA,NA
"chr17",7670657,7670657,1,"-","GAATGAGGCCTTGGAACTCA","AGG",7670657,7670660,"region_8",50,FALSE,FALSE,FALSE,FALSE,FALSE,"AAGG",0.0531229142082611,0.549796595,"spacer_104",0.301459754604131,50,"ENST00000413465.6",NA,"intron",NA,5934,NA,NA,NA
"chr17",7670666,7670666,1,"-","CCGAGAGCTGAATGAGGCCT","TGG",7670666,7670669,"region_8",60,FALSE,FALSE,FALSE,FALSE,FALSE,"TTGG",0.0722971303127117,0.568906065,"spacer_105",0.320601597656356,60,"ENST00000413465.6",NA,"intron",NA,5925,NA,NA,NA
"chr17",7670667,7670667,1,"+","CTGGGCATCCTTGAGTTCCA","AGG",7670667,7670664,"region_8",55,FALSE,FALSE,FALSE,FALSE,FALSE,"AAGG",0.154148281964902,0.73556801,"spacer_106",0.444858145982451,55,"ENST00000413465.6",NA,"intron",NA,5930,NA,NA,NA
"chr17",7670672,7670672,1,"-","GATGTTCCGAGAGCTGAATG","AGG",7670672,7670675,"region_8",50,FALSE,FALSE,FALSE,FALSE,FALSE,"GAGG",0.331989675436608,0.861573075,"spacer_107",0.596781375218304,50,"ENST00000413465.6",NA,"intron",NA,5919,NA,NA,NA
"chr17",7670684,7670684,1,"+","CCAAGGCCTCATTCAGCTCT","CGG",7670684,7670681,"region_8",55,FALSE,FALSE,FALSE,FALSE,FALSE,"TCGG",0.0405867695875301,0.67751531,"spacer_108",0.359051039793765,55,"ENST00000413465.6",NA,"intron",NA,5913,NA,NA,NA
"chr17",7670709,7670709,1,"-","CTCTGTTGCTGCAGATCCGT","GGG",7670709,7670712,"region_8",55,FALSE,FALSE,FALSE,FALSE,FALSE,"TGGG",0.184408028244393,0.53561921,"spacer_109",0.360013619122197,55,"ENST00000413465.6",NA,"intron",NA,5882,NA,NA,NA
"chr17",7670710,7670710,1,"-","CCTCTGTTGCTGCAGATCCG","TGG",7670710,7670713,"region_8",60,FALSE,FALSE,FALSE,FALSE,FALSE,"GTGG",0.629248526745035,0.90398431,"spacer_110",0.766616418372517,60,"ENST00000413465.6",NA,"intron",NA,5881,NA,NA,NA
"chr17",7670711,7670711,1,"+","TCTCGAAGCGCTCACGCCCA","CGG",7670711,7670708,"region_8",65,FALSE,FALSE,FALSE,FALSE,FALSE,"ACGG",0.318672785799894,0.791907935,"spacer_111",0.555290360399947,65,"ENST00000413465.6",NA,"intron",NA,5886,NA,NA,NA
"chr17",7673235,7673235,1,"+","CAACTTACGACGAGTTTATC","AGG",7673235,7673232,"region_10",40,FALSE,FALSE,FALSE,FALSE,FALSE,"CAGG",0.04441305551071,0.69772477,"spacer_112",0.371068912755355,40,"ENST00000413465.6",NA,"intron",NA,3362,NA,NA,NA
"chr17",7673248,7673248,1,"-","AGATGCTACTTGACTTACGA","TGG",7673248,7673251,"region_10",40,FALSE,FALSE,FALSE,FALSE,FALSE,"ATGG",0.358379860001968,0.706960705,"spacer_113",0.532670282500984,40,"ENST00000413465.6",NA,"intron",NA,3343,NA,NA,NA
"chr17",7673536,7673536,1,"-","TGGAGAATATTTCACCCTTC","AGG",7673536,7673539,"region_12",40,FALSE,FALSE,FALSE,FALSE,FALSE,"CAGG",0.117603888168328,0.67885847,"spacer_116",0.398231179084164,40,"ENST00000413465.6",NA,"intron",NA,3055,NA,NA,NA
"chr17",7673539,7673539,1,"+","TCCCAAGACTTAGTACCTGA","AGG",7673539,7673536,"region_12",45,FALSE,FALSE,FALSE,FALSE,FALSE,"AAGG",0.229525409346576,0.62560624,"spacer_117",0.427565824673288,45,"ENST00000413465.6",NA,"intron",NA,3058,NA,NA,NA
"chr17",7673540,7673540,1,"+","CCCAAGACTTAGTACCTGAA","GGG",7673540,7673537,"region_12",45,FALSE,FALSE,FALSE,FALSE,FALSE,"AGGG",0.412588874482785,0.700844465,"spacer_118",0.556716669741393,45,"ENST00000413465.6",NA,"intron",NA,3057,NA,NA,NA
"chr17",7673556,7673556,1,"-","CCAAAGAAGAAACCACTGGA","TGG",7673556,7673559,"region_12",45,FALSE,FALSE,FALSE,FALSE,FALSE,"ATGG",0.31107500278948,0.60038053,"spacer_119",0.45572776639474,45,"ENST00000413465.6",NA,"intron",NA,3035,NA,NA,NA
"chr17",7673560,7673560,1,"-","CCAGCCAAAGAAGAAACCAC","TGG",7673560,7673563,"region_12",50,FALSE,FALSE,FALSE,FALSE,FALSE,"CTGG",0.597634760533915,0.569964415,"spacer_120",0.583799587766957,50,"ENST00000413465.6",NA,"intron",NA,3031,NA,NA,NA
"chr17",7673562,7673562,1,"+","GTGAAATATTCTCCATCCAG","TGG",7673562,7673559,"region_12",40,FALSE,FALSE,FALSE,FALSE,FALSE,"GTGG",0.317220751759543,0.681093995,"spacer_121",0.499157373379772,40,"ENST00000413465.6",NA,"intron",NA,3035,NA,NA,NA
"chr17",7673574,7673574,1,"+","CCATCCAGTGGTTTCTTCTT","TGG",7673574,7673571,"region_12",45,FALSE,FALSE,FALSE,FALSE,FALSE,"TTGG",0.147510312213307,0.604107175,"spacer_122",0.375808743606654,45,"ENST00000413465.6",NA,"intron",NA,3023,NA,NA,NA
"chr17",7673578,7673578,1,"+","CCAGTGGTTTCTTCTTTGGC","TGG",7673578,7673575,"region_12",50,FALSE,FALSE,FALSE,FALSE,FALSE,"CTGG",0.0385809584491025,0.696164915,"spacer_123",0.367372936724551,50,"ENST00000413465.6",NA,"intron",NA,3019,NA,NA,NA
"chr17",7673579,7673579,1,"+","CAGTGGTTTCTTCTTTGGCT","GGG",7673579,7673576,"region_12",45,FALSE,FALSE,FALSE,FALSE,FALSE,"TGGG",0.0418879192372166,0.63452329,"spacer_124",0.338205604618608,45,"ENST00000413465.6",NA,"intron",NA,3018,NA,NA,NA
"chr17",7673580,7673580,1,"+","AGTGGTTTCTTCTTTGGCTG","GGG",7673580,7673577,"region_12",45,FALSE,FALSE,FALSE,FALSE,FALSE,"GGGG",0.566112319267263,0.81904092,"spacer_125",0.692576619633631,45,"ENST00000413465.6",NA,"intron",NA,3017,NA,NA,NA
"chr17",7673600,7673600,1,"+","GGGAGAGGAGCTGGTGTTGT","TGG",7673600,7673597,"region_12",60,FALSE,FALSE,FALSE,FALSE,FALSE,"TTGG",0.0132847432818051,0.678867835,"spacer_128",0.346076289140903,60,"ENST00000413465.6",NA,"intron",NA,2997,NA,NA,NA
"chr17",7673601,7673601,1,"+","GGAGAGGAGCTGGTGTTGTT","GGG",7673601,7673598,"region_12",55,FALSE,FALSE,FALSE,FALSE,FALSE,"TGGG",0.268268202554538,0.757554005,"spacer_129",0.512911103777269,55,"ENST00000413465.6",NA,"intron",NA,2996,NA,NA,NA
"chr17",7673611,7673611,1,"+","TGGTGTTGTTGGGCAGTGCT","AGG",7673611,7673608,"region_12",55,FALSE,FALSE,FALSE,FALSE,FALSE,"TAGG",0.131457565419239,0.59075108,"spacer_130",0.361104322709619,55,"ENST00000413465.6",NA,"intron",NA,2986,NA,NA,NA
"chr17",7673717,7673717,1,"+","TTACCTCGCTTAGTGCTCCC","TGG",7673717,7673714,"region_13",55,FALSE,FALSE,FALSE,FALSE,FALSE,"CTGG",0.237808987488798,0.6657488,"spacer_134",0.451778893744399,55,"ENST00000413465.6",NA,"intron",NA,2880,NA,NA,NA
"chr17",7673718,7673718,1,"+","TACCTCGCTTAGTGCTCCCT","GGG",7673718,7673715,"region_13",55,FALSE,FALSE,FALSE,FALSE,FALSE,"TGGG",0.0213022327275083,0.69772477,"spacer_135",0.359513501363754,55,"ENST00000413465.6",NA,"intron",NA,2879,NA,NA,NA
"chr17",7673719,7673719,1,"+","ACCTCGCTTAGTGCTCCCTG","GGG",7673719,7673716,"region_13",60,FALSE,FALSE,FALSE,FALSE,FALSE,"GGGG",0.112947803061324,0.711504,"spacer_136",0.412225901530662,60,"ENST00000413465.6",NA,"intron",NA,2878,NA,NA,NA
"chr17",7673720,7673720,1,"+","CCTCGCTTAGTGCTCCCTGG","GGG",7673720,7673717,"region_13",65,FALSE,FALSE,FALSE,FALSE,FALSE,"GGGG",0.7462436464429,0.88043001,"spacer_137",0.81333682822145,65,"ENST00000413465.6",NA,"intron",NA,2877,NA,NA,NA
"chr17",7673742,7673742,1,"-","AGAGAATCTCCGCAAGAAAG","GGG",7673742,7673745,"region_13",45,FALSE,FALSE,FALSE,FALSE,FALSE,"GGGG",0.547964763736298,0.75666047,"spacer_140",0.652312616868149,45,"ENST00000413465.6",NA,"intron",NA,2849,NA,NA,NA
"chr17",7673743,7673743,1,"-","AAGAGAATCTCCGCAAGAAA","GGG",7673743,7673746,"region_13",40,FALSE,FALSE,FALSE,FALSE,FALSE,"AGGG",0.4483383924296,0.65396101,"spacer_141",0.5511497012148,40,"ENST00000413465.6",NA,"intron",NA,2848,NA,NA,NA
"chr17",7673744,7673744,1,"-","GAAGAGAATCTCCGCAAGAA","AGG",7673744,7673747,"region_13",45,FALSE,FALSE,FALSE,FALSE,FALSE,"AAGG",0.0188758345335964,0.63946474,"spacer_142",0.329170287266798,45,"ENST00000413465.6",NA,"intron",NA,2847,NA,NA,NA
"chr17",7673766,7673766,1,"-","TGGGAGAGACCGGCGCACAG","AGG",7673766,7673769,"region_13",70,FALSE,FALSE,FALSE,FALSE,FALSE,"GAGG",0.430503043789841,0.89017654,"spacer_144",0.660339791894921,70,"ENST00000413465.6",NA,"intron",NA,2825,NA,NA,NA
"chr17",7673775,7673775,1,"+","GATTCTCTTCCTCTGTGCGC","CGG",7673775,7673772,"region_13",55,FALSE,FALSE,FALSE,FALSE,FALSE,"CCGG",0.341308181429816,0.646269715,"spacer_145",0.493788948214908,55,"ENST00000413465.6",NA,"intron",NA,2822,NA,NA,NA
"chr17",7673776,7673776,1,"-","GTGCCTGTCCTGGGAGAGAC","CGG",7673776,7673779,"region_13",65,FALSE,FALSE,FALSE,FALSE,FALSE,"CCGG",0.289168051155193,0.52587332,"spacer_146",0.407520685577597,65,"ENST00000413465.6",NA,"intron",NA,2815,NA,NA,NA
"chr17",7673785,7673785,1,"-","TGCGTGTTTGTGCCTGTCCT","GGG",7673785,7673788,"region_13",55,FALSE,FALSE,FALSE,FALSE,FALSE,"TGGG",0.0717991801240133,0.79215663,"spacer_147",0.431977905062007,55,"ENST00000413465.6",NA,"intron",NA,2806,NA,NA,NA
"chr17",7673786,7673786,1,"-","GTGCGTGTTTGTGCCTGTCC","TGG",7673786,7673789,"region_13",60,FALSE,FALSE,FALSE,FALSE,FALSE,"CTGG",0.00365431910891781,0.73556801,"spacer_148",0.369611164554459,60,"ENST00000413465.6",NA,"intron",NA,2805,NA,NA,NA
"chr17",7673786,7673786,1,"+","TCTGTGCGCCGGTCTCTCCC","AGG",7673786,7673783,"region_13",70,FALSE,FALSE,FALSE,FALSE,FALSE,"CAGG",0.246817300377918,0.876851325,"spacer_149",0.561834312688959,70,"ENST00000413465.6",NA,"intron",NA,2811,NA,NA,NA
"chr17",7673791,7673791,1,"+","GCGCCGGTCTCTCCCAGGAC","AGG",7673791,7673788,"region_13",75,FALSE,FALSE,FALSE,FALSE,FALSE,"CAGG",0.111611527672372,0.66887786,"spacer_150",0.390244693836186,75,"ENST00000413465.6",NA,"intron",NA,2806,NA,NA,NA
"chr17",7673808,7673808,1,"-","ACTGGGACGGAACAGCTTTG","AGG",7673808,7673811,"region_13",55,FALSE,FALSE,FALSE,FALSE,FALSE,"GAGG",0.586768015484832,0.885127375,"spacer_151",0.735947695242416,55,"ENST00000413465.6",NA,"intron",NA,2783,NA,NA,NA
"chr17",7673821,7673821,1,"-","GTAGTGGTAATCTACTGGGA","CGG",7673821,7673824,"region_13",45,FALSE,FALSE,FALSE,FALSE,FALSE,"ACGG",0.774871952187129,0.68198753,"spacer_152",0.728429741093564,45,"ENST00000413465.6",NA,"intron",NA,2770,NA,NA,NA
"chr17",7673825,7673825,1,"-","CTGAGTAGTGGTAATCTACT","GGG",7673825,7673828,"region_13",40,FALSE,FALSE,FALSE,FALSE,FALSE,"TGGG",0.255444768762867,0.70721324,"spacer_153",0.481329004381434,40,"ENST00000413465.6",NA,"intron",NA,2766,NA,NA,NA
"chr17",7673826,7673826,1,"-","CCTGAGTAGTGGTAATCTAC","TGG",7673826,7673829,"region_13",45,FALSE,FALSE,FALSE,FALSE,FALSE,"CTGG",0.0538237265690565,0.738534785,"spacer_154",0.396179255784528,45,"ENST00000413465.6",NA,"intron",NA,2765,NA,NA,NA
"chr17",7674182,7674182,1,"-","TCATCACACTGGAAGACTCC","AGG",7674182,7674185,"region_14",50,FALSE,FALSE,FALSE,FALSE,FALSE,"CAGG",0.117503135239938,0.637141495,"spacer_155",0.377322315119969,50,"ENST00000413465.6",778,"exon",6,2409,NA,NA,NA
"chr17",7674193,7674193,1,"-","CATCCTCACCATCATCACAC","TGG",7674193,7674196,"region_14",50,FALSE,FALSE,FALSE,FALSE,FALSE,"CTGG",0.40317349181831,0.70791134,"spacer_156",0.555542415909155,50,"ENST00000413465.6",767,"exon",6,2398,NA,NA,NA
"chr17",7674203,7674203,1,"+","GGAGTCTTCCAGTGTGATGA","TGG",7674203,7674200,"region_14",50,FALSE,FALSE,FALSE,FALSE,FALSE,"ATGG",0.262250241175605,0.69772477,"spacer_157",0.479987505587803,50,"ENST00000413465.6",763,"exon",6,2394,NA,NA,NA
"chr17",7674208,7674208,1,"+","CTTCCAGTGTGATGATGGTG","AGG",7674208,7674205,"region_14",50,FALSE,FALSE,FALSE,FALSE,FALSE,"GAGG",0.145178116701063,0.57631191,"spacer_158",0.360745013350532,50,"ENST00000413465.6",758,"exon",6,2389,NA,NA,NA
"chr17",7674212,7674212,1,"+","CAGTGTGATGATGGTGAGGA","TGG",7674212,7674209,"region_14",50,FALSE,FALSE,FALSE,FALSE,FALSE,"ATGG",0.073902947454215,0.554268815,"spacer_159",0.314085881227108,50,"ENST00000413465.6",754,"exon",6,2385,NA,NA,NA
"chr17",7674213,7674213,1,"+","AGTGTGATGATGGTGAGGAT","GGG",7674213,7674210,"region_14",45,FALSE,FALSE,FALSE,FALSE,FALSE,"TGGG",0.337394038039692,0.771361775,"spacer_160",0.554377906519846,45,"ENST00000413465.6",753,"exon",6,2384,NA,NA,NA
"chr17",7674218,7674218,1,"-","GCATGGGCGGCATGAACCGG","AGG",7674218,7674221,"region_14",70,FALSE,FALSE,FALSE,FALSE,FALSE,"GAGG",0.250780822692019,0.65719342,"spacer_161",0.45398712134601,70,"ENST00000413465.6",742,"exon",6,2373,NA,NA,NA
"chr17",7674220,7674220,1,"+","TGATGGTGAGGATGGGCCTC","CGG",7674220,7674217,"region_14",60,FALSE,FALSE,FALSE,FALSE,FALSE,"CCGG",0.0518018669698035,0.64078051,"spacer_162",0.346291188484902,60,"ENST00000413465.6",746,"exon",6,2377,NA,NA,NA
"chr17",7674221,7674221,1,"-","CCTGCATGGGCGGCATGAAC","CGG",7674221,7674224,"region_14",65,FALSE,FALSE,FALSE,FALSE,FALSE,"CCGG",0.00608899208286654,0.701870815,"spacer_163",0.353979903541433,65,"ENST00000413465.6",739,"exon",6,2370,NA,NA,NA
"chr17",7674231,7674231,1,"-","TGTAACAGTTCCTGCATGGG","CGG",7674231,7674234,"region_14",50,FALSE,FALSE,FALSE,FALSE,FALSE,"GCGG",0.319697519354409,0.713560735,"spacer_164",0.516629127177204,50,"ENST00000413465.6",729,"exon",6,2360,NA,NA,NA
"chr17",7674234,7674234,1,"-","ATGTGTAACAGTTCCTGCAT","GGG",7674234,7674237,"region_14",40,FALSE,FALSE,FALSE,FALSE,FALSE,"TGGG",0.0507183800726833,0.659749,"spacer_165",0.355233690036342,40,"ENST00000413465.6",726,"exon",6,2357,NA,NA,NA
"chr17",7674235,7674235,1,"-","CATGTGTAACAGTTCCTGCA","TGG",7674235,7674238,"region_14",45,FALSE,FALSE,FALSE,FALSE,FALSE,"ATGG",0.160303013343309,0.75718439,"spacer_166",0.458743701671654,45,"ENST00000413465.6",725,"exon",6,2356,NA,NA,NA
"chr17",7674239,7674239,1,"+","CCGGTTCATGCCGCCCATGC","AGG",7674239,7674236,"region_14",70,FALSE,FALSE,FALSE,FALSE,FALSE,"CAGG",0.00984795920977284,0.749745395,"spacer_167",0.379796677104886,70,"ENST00000413465.6",727,"exon",6,2358,NA,NA,NA
"chr17",7674265,7674265,1,"+","TGTTACACATGTAGTTGTAG","TGG",7674265,7674262,"region_14",35,FALSE,FALSE,FALSE,FALSE,FALSE,"GTGG",0.160887624567437,0.70069912,"spacer_168",0.430793372283719,35,"ENST00000413465.6",701,"exon",6,2332,NA,NA,NA
"chr17",7674269,7674269,1,"+","ACACATGTAGTTGTAGTGGA","TGG",7674269,7674266,"region_14",40,FALSE,FALSE,FALSE,FALSE,FALSE,"ATGG",0.237843731272941,0.57682623,"spacer_169",0.407334980636471,40,"ENST00000413465.6",697,"exon",6,2328,NA,NA,NA
"chr17",7674272,7674272,1,"+","CATGTAGTTGTAGTGGATGG","TGG",7674272,7674269,"region_14",45,FALSE,FALSE,FALSE,FALSE,FALSE,"GTGG",0.163641955129166,0.81904092,"spacer_170",0.491341437564583,45,"ENST00000413465.6",694,"exon",6,2325,NA,NA,NA
"chr17",7674293,7674293,1,"+","GGTACAGTCAGAGCCAACCT","AGG",7674293,7674290,"region_14",55,FALSE,FALSE,FALSE,FALSE,FALSE,"TAGG",0.436970214495048,0.70791134,"spacer_171",0.572440777247524,55,"ENST00000413465.6",673,"exon",6,2304,NA,NA,NA
"chr17",7674860,7674860,1,"-","GGTGCCCTATGAGCCGCCTG","AGG",7674860,7674863,"region_15",70,FALSE,FALSE,FALSE,FALSE,FALSE,"GAGG",0.234634894948394,0.791753865,"spacer_172",0.513194379974197,70,"ENST00000413465.6",668,"exon",5,1731,NA,NA,NA
"chr17",7674862,7674862,1,"+","CCAGTTGCAAACCAGACCTC","AGG",7674862,7674859,"region_15",55,FALSE,FALSE,FALSE,FALSE,FALSE,"CAGG",0.142341177176494,0.721390625,"spacer_173",0.431865901088247,55,"ENST00000413465.6",672,"exon",5,1735,NA,NA,NA
"chr17",7674865,7674865,1,"+","GTTGCAAACCAGACCTCAGG","CGG",7674865,7674862,"region_15",55,FALSE,FALSE,FALSE,FALSE,FALSE,"GCGG",0.625452664667317,0.8106108,"spacer_174",0.718031732333658,55,"ENST00000413465.6",669,"exon",5,1732,NA,NA,NA
"chr17",7674873,7674873,1,"+","CCAGACCTCAGGCGGCTCAT","AGG",7674873,7674870,"region_15",65,FALSE,FALSE,FALSE,FALSE,FALSE,"TAGG",0.124412392705417,0.72607954,"spacer_175",0.425245966352709,65,"ENST00000413465.6",661,"exon",5,1724,NA,NA,NA
"chr17",7674874,7674874,1,"+","CAGACCTCAGGCGGCTCATA","GGG",7674874,7674871,"region_15",60,FALSE,FALSE,FALSE,FALSE,FALSE,"AGGG",0.0771711251338879,0.62322601,"spacer_176",0.350198567566944,60,"ENST00000413465.6",660,"exon",5,1723,NA,NA,NA
"chr17",7674914,7674914,1,"-","AAATTTGCGTGTGGAGTATT","TGG",7674914,7674917,"region_15",35,FALSE,FALSE,FALSE,FALSE,FALSE,"TTGG",0.02743110691213,0.53561921,"spacer_179",0.281525158456065,35,"ENST00000413465.6",614,"exon",5,1677,NA,NA,NA
"chr17",7674923,7674923,1,"-","AGTGGAAGGAAATTTGCGTG","TGG",7674923,7674926,"region_15",45,FALSE,FALSE,FALSE,FALSE,FALSE,"GTGG",0.151686035847785,0.77026091,"spacer_180",0.460973472923892,45,"ENST00000413465.6",605,"exon",5,1668,NA,NA,NA
"chr17",7674937,7674937,1,"-","CAGCATCTTATCCGAGTGGA","AGG",7674937,7674940,"region_15",50,FALSE,FALSE,FALSE,FALSE,FALSE,"AAGG",0.100656959457289,0.520126055,"spacer_181",0.310391507228644,50,"ENST00000413465.6",591,"exon",5,1654,NA,NA,NA
"chr17",7674941,7674941,1,"-","TCCTCAGCATCTTATCCGAG","TGG",7674941,7674944,"region_15",50,FALSE,FALSE,FALSE,FALSE,FALSE,"GTGG",0.798805919309341,0.61081492,"spacer_182",0.704810419654671,50,"ENST00000413465.6",587,"exon",5,1650,NA,NA,NA
"chr17",7674944,7674944,1,"+","CACGCAAATTTCCTTCCACT","CGG",7674944,7674941,"region_15",45,FALSE,FALSE,FALSE,FALSE,FALSE,"TCGG",0.471603080775831,0.63739403,"spacer_183",0.554498555387916,45,"ENST00000413465.6",590,"exon",5,1653,NA,NA,NA
"chr17",7674958,7674958,1,"+","TCCACTCGGATAAGATGCTG","AGG",7674958,7674955,"region_15",50,FALSE,FALSE,FALSE,FALSE,FALSE,"GAGG",0.0744114330294316,0.568751995,"spacer_184",0.321581714014716,50,"ENST00000413465.6",576,"exon",5,1639,NA,NA,NA
"chr17",7674961,7674961,1,"+","ACTCGGATAAGATGCTGAGG","AGG",7674961,7674958,"region_15",50,FALSE,FALSE,FALSE,FALSE,FALSE,"GAGG",0.157425175971553,0.785895045,"spacer_185",0.471660110485776,50,"ENST00000413465.6",573,"exon",5,1636,NA,NA,NA
"chr17",7674962,7674962,1,"+","CTCGGATAAGATGCTGAGGA","GGG",7674962,7674959,"region_15",50,FALSE,FALSE,FALSE,FALSE,FALSE,"AGGG",0.228793338846176,0.672610615,"spacer_186",0.450701976923088,50,"ENST00000413465.6",572,"exon",5,1635,NA,NA,NA
"chr17",7674963,7674963,1,"+","TCGGATAAGATGCTGAGGAG","GGG",7674963,7674960,"region_15",50,FALSE,FALSE,FALSE,FALSE,FALSE,"GGGG",0.203824858552951,0.76113269,"spacer_187",0.482478774276475,50,"ENST00000413465.6",571,"exon",5,1634,NA,NA,NA
"chr17",7674968,7674968,1,"-","TCACTGATTGCTCTTAGGTC","TGG",7674968,7674971,"region_15",45,FALSE,FALSE,FALSE,FALSE,FALSE,"CTGG",0.0261329269458322,0.696164915,"spacer_188",0.361148920972916,45,"ENST00000413465.6",560,"exon",5,1623,NA,NA,NA
"chr17",7675054,7675054,1,"-","GAGCGCTGCTCAGATAGCGA","TGG",7675054,7675057,"region_16",60,FALSE,FALSE,FALSE,FALSE,FALSE,"ATGG",0.535731299014641,0.749745395,"spacer_189",0.64273834700732,60,"ENST00000413465.6",555,"exon",4,1537,NA,NA,NA
"chr17",7675076,7675076,1,"+","CGCTATCTGAGCAGCGCTCA","TGG",7675076,7675073,"region_16",60,FALSE,FALSE,FALSE,FALSE,FALSE,"ATGG",0.00895613398285671,0.603048825,"spacer_190",0.306002479491428,60,"ENST00000413465.6",539,"exon",4,1521,NA,NA,NA
"chr17",7675079,7675079,1,"+","TATCTGAGCAGCGCTCATGG","TGG",7675079,7675076,"region_16",55,FALSE,FALSE,FALSE,FALSE,FALSE,"GTGG",0.165798971535246,0.89930476,"spacer_191",0.532551865767623,55,"ENST00000413465.6",536,"exon",4,1518,NA,NA,NA
"chr17",7675080,7675080,1,"+","ATCTGAGCAGCGCTCATGGT","GGG",7675080,7675077,"region_16",55,FALSE,FALSE,FALSE,FALSE,FALSE,"TGGG",0.065690963532232,0.686535465,"spacer_192",0.376113214266116,55,"ENST00000413465.6",535,"exon",4,1517,NA,NA,NA
"chr17",7675081,7675081,1,"+","TCTGAGCAGCGCTCATGGTG","GGG",7675081,7675078,"region_16",60,FALSE,FALSE,FALSE,FALSE,FALSE,"GGGG",0.0682157574283646,0.76891775,"spacer_193",0.418566753714182,60,"ENST00000413465.6",534,"exon",4,1516,NA,NA,NA
"chr17",7675082,7675082,1,"+","CTGAGCAGCGCTCATGGTGG","GGG",7675082,7675079,"region_16",65,FALSE,FALSE,FALSE,FALSE,FALSE,"GGGG",0.17355369122026,0.819410535,"spacer_194",0.49648211311013,65,"ENST00000413465.6",533,"exon",4,1515,NA,NA,NA
"chr17",7675092,7675092,1,"-","AGCACATGACGGAGGTTGTG","AGG",7675092,7675095,"region_16",55,FALSE,FALSE,FALSE,FALSE,FALSE,"GAGG",0.0985855387674957,0.64879069,"spacer_195",0.373688114383748,55,"ENST00000413465.6",517,"exon",4,1499,NA,NA,NA
"chr17",7675100,7675100,1,"-","GCAGTCACAGCACATGACGG","AGG",7675100,7675103,"region_16",60,FALSE,FALSE,FALSE,FALSE,FALSE,"GAGG",0.779336292440271,0.80523315,"spacer_196",0.792284721220136,60,"ENST00000413465.6",509,"exon",4,1491,NA,NA,NA
"chr17",7675103,7675103,1,"-","CAAGCAGTCACAGCACATGA","CGG",7675103,7675106,"region_16",50,FALSE,FALSE,FALSE,FALSE,FALSE,"ACGG",0.4477405712104,0.598319185,"spacer_197",0.5230298781052,50,"ENST00000413465.6",506,"exon",4,1488,NA,NA,NA
"chr17",7675128,7675128,1,"+","GTGCTGTGACTGCTTGTAGA","TGG",7675128,7675125,"region_16",50,FALSE,FALSE,FALSE,FALSE,FALSE,"ATGG",0.27182853951704,0.79215663,"spacer_198",0.53199258475852,50,"ENST00000413465.6",487,"exon",4,1469,NA,NA,NA
"chr17",7675133,7675133,1,"-","CGGCACCCGCGTCCGCGCCA","TGG",7675133,7675136,"region_16",85,FALSE,FALSE,FALSE,FALSE,FALSE,"ATGG",0.102919669269107,0.778100165,"spacer_199",0.440509917134554,85,"ENST00000413465.6",476,"exon",4,1458,NA,NA,NA
"chr17",7675134,7675134,1,"+","TGACTGCTTGTAGATGGCCA","TGG",7675134,7675131,"region_16",50,FALSE,FALSE,FALSE,FALSE,FALSE,"ATGG",0.42187312264206,0.744944925,"spacer_200",0.58340902382103,50,"ENST00000413465.6",481,"exon",4,1463,NA,NA,NA
"chr17",7675139,7675139,1,"+","GCTTGTAGATGGCCATGGCG","CGG",7675139,7675136,"region_16",60,FALSE,FALSE,FALSE,FALSE,FALSE,"GCGG",0.888276949910685,0.70257876,"spacer_201",0.795427854955343,60,"ENST00000413465.6",476,"exon",4,1458,NA,NA,NA
"chr17",7675145,7675145,1,"+","AGATGGCCATGGCGCGGACG","CGG",7675145,7675142,"region_16",70,FALSE,FALSE,FALSE,FALSE,FALSE,"GCGG",0.327343416744027,0.77183474,"spacer_202",0.549589078372014,70,"ENST00000413465.6",470,"exon",4,1452,NA,NA,NA
"chr17",7675146,7675146,1,"+","GATGGCCATGGCGCGGACGC","GGG",7675146,7675143,"region_16",75,FALSE,FALSE,FALSE,FALSE,FALSE,"CGGG",0.0448238415183212,0.820262705,"spacer_203",0.432543273259161,75,"ENST00000413465.6",469,"exon",4,1451,NA,NA,NA
"chr17",7675152,7675152,1,"+","CATGGCGCGGACGCGGGTGC","CGG",7675152,7675149,"region_16",80,FALSE,FALSE,FALSE,FALSE,FALSE,"CCGG",0.0444750722915753,0.83444009,"spacer_204",0.439457581145788,80,"ENST00000413465.6",463,"exon",4,1445,NA,NA,NA
"chr17",7675153,7675153,1,"+","ATGGCGCGGACGCGGGTGCC","GGG",7675153,7675150,"region_17",80,FALSE,FALSE,FALSE,FALSE,FALSE,"CGGG",0.00232610315840259,0.65938939,"spacer_206",0.330857746579201,80,"ENST00000413465.6",462,"exon",4,1444,NA,NA,NA
"chr17",7675156,7675156,1,"+","GCGCGGACGCGGGTGCCGGG","CGG",7675156,7675153,"region_17",90,FALSE,FALSE,FALSE,FALSE,FALSE,"GCGG",0.567588227772541,0.855573915,"spacer_207",0.71158107138627,90,"ENST00000413465.6",459,"exon",4,1441,NA,NA,NA
"chr17",7675157,7675157,1,"+","CGCGGACGCGGGTGCCGGGC","GGG",7675157,7675154,"region_17",90,FALSE,FALSE,FALSE,FALSE,FALSE,"CGGG",0.0035769998465392,0.691476915,"spacer_208",0.34752695742327,90,"ENST00000413465.6",458,"exon",4,1440,NA,NA,NA
"chr17",7675158,7675158,1,"+","GCGGACGCGGGTGCCGGGCG","GGG",7675158,7675155,"region_17",90,FALSE,FALSE,FALSE,FALSE,FALSE,"GGGG",0.0479846943808415,0.798985295,"spacer_209",0.423484994690421,90,"ENST00000413465.6",457,"exon",4,1439,NA,NA,NA
"chr17",7675159,7675159,1,"+","CGGACGCGGGTGCCGGGCGG","GGG",7675159,7675156,"region_17",90,FALSE,FALSE,FALSE,FALSE,FALSE,"GGGG",0.0226998321257429,0.834534715,"spacer_210",0.428617273562871,90,"ENST00000413465.6",456,"exon",4,1438,NA,NA,NA
"chr17",7675175,7675175,1,"-","GACCTGCCCTGTGCAGCTGT","GGG",7675175,7675178,"region_17",65,FALSE,FALSE,FALSE,FALSE,FALSE,"TGGG",0.11962971221375,0.70587008,"spacer_212",0.412749896106875,65,"ENST00000413465.6",434,"exon",4,1416,NA,NA,NA
"chr17",7675176,7675176,1,"-","AGACCTGCCCTGTGCAGCTG","TGG",7675176,7675179,"region_17",65,FALSE,FALSE,FALSE,FALSE,FALSE,"GTGG",0.0471243553383586,0.72592547,"spacer_213",0.386524912669179,65,"ENST00000413465.6",433,"exon",4,1415,NA,NA,NA
"chr17",7675186,7675186,1,"+","GAATCAACCCACAGCTGCAC","AGG",7675186,7675183,"region_17",55,FALSE,FALSE,FALSE,FALSE,FALSE,"CAGG",0.017831805771754,0.547407,"spacer_214",0.282619402885877,55,"ENST00000413465.6",429,"exon",4,1411,NA,NA,NA
"chr17",7675187,7675187,1,"+","AATCAACCCACAGCTGCACA","GGG",7675187,7675184,"region_17",50,FALSE,FALSE,FALSE,FALSE,FALSE,"AGGG",0.729006070524759,0.791907935,"spacer_215",0.760457002762379,50,"ENST00000413465.6",428,"exon",4,1410,NA,NA,NA
"chr17",7675191,7675191,1,"+","AACCCACAGCTGCACAGGGC","AGG",7675191,7675188,"region_17",65,FALSE,FALSE,FALSE,FALSE,FALSE,"CAGG",0.0456832796661677,0.664180495,"spacer_216",0.354931887333084,65,"ENST00000413465.6",424,"exon",4,1406,NA,NA,NA
"chr17",7675197,7675197,1,"+","CAGCTGCACAGGGCAGGTCT","TGG",7675197,7675194,"region_17",65,FALSE,FALSE,FALSE,FALSE,FALSE,"TTGG",0.0160046596761153,0.7389044,"spacer_217",0.377454529838058,65,"ENST00000413465.6",418,"exon",4,1400,NA,NA,NA
"chr17",7675205,7675205,1,"+","CAGGGCAGGTCTTGGCCAGT","TGG",7675205,7675202,"region_17",65,FALSE,FALSE,FALSE,FALSE,FALSE,"TTGG",0.0115891154043047,0.678867835,"spacer_219",0.345228475202152,65,"ENST00000413465.6",410,"exon",4,1392,NA,NA,NA
"chr17",7675230,7675230,1,"+","AAACATCTTGTTGAGGGCAG","GGG",7675230,7675227,"region_17",45,FALSE,FALSE,FALSE,FALSE,FALSE,"GGGG",0.127578382828437,0.77687838,"spacer_224",0.452228381414218,45,"ENST00000413465.6",385,"exon",4,1367,NA,NA,NA
"chr17",7675995,7675995,1,"-","AGCCAAGTCTGTGACTTGCA","CGG",7675995,7675998,"region_19",50,FALSE,FALSE,FALSE,FALSE,FALSE,"ACGG",0.307826510902706,0.672610615,"spacer_225",0.490218562951353,50,"ENST00000413465.6",371,"exon",3,596,NA,NA,NA
"chr17",7676011,7676011,1,"+","GACCGTGCAAGTCACAGACT","TGG",7676011,7676008,"region_19",55,FALSE,FALSE,FALSE,FALSE,FALSE,"TTGG",0.116176709838682,0.73556801,"spacer_226",0.425872359919341,55,"ENST00000413465.6",361,"exon",3,586,NA,NA,NA
"chr17",7676020,7676020,1,"-","GTCTGGGCTTCTTGCATTCT","GGG",7676020,7676023,"region_19",50,FALSE,FALSE,FALSE,FALSE,FALSE,"TGGG",0.00826317610192536,0.64078051,"spacer_227",0.324521843050963,50,"ENST00000413465.6",346,"exon",3,571,NA,NA,NA
"chr17",7676021,7676021,1,"-","CGTCTGGGCTTCTTGCATTC","TGG",7676021,7676024,"region_19",55,FALSE,FALSE,FALSE,FALSE,FALSE,"CTGG",0.0320915397419052,0.80128485,"spacer_228",0.416688194870953,55,"ENST00000413465.6",345,"exon",3,570,NA,NA,NA
"chr17",7676036,7676036,1,"-","GGCAGCTACGGTTTCCGTCT","GGG",7676036,7676039,"region_19",60,FALSE,FALSE,FALSE,FALSE,FALSE,"TGGG",0.0206098788482245,0.721390625,"spacer_229",0.371000251924112,60,"ENST00000413465.6",330,"exon",3,555,NA,NA,NA
"chr17",7676037,7676037,1,"-","GGGCAGCTACGGTTTCCGTC","TGG",7676037,7676040,"region_19",65,FALSE,FALSE,FALSE,FALSE,FALSE,"CTGG",0.31352363013055,0.74337662,"spacer_230",0.528450125065275,65,"ENST00000413465.6",329,"exon",3,554,NA,NA,NA
"chr17",7676040,7676040,1,"+","CAGAATGCAAGAAGCCCAGA","CGG",7676040,7676037,"region_19",50,FALSE,FALSE,FALSE,FALSE,FALSE,"ACGG",0.649899953597604,0.63633568,"spacer_231",0.643117816798802,50,"ENST00000413465.6",332,"exon",3,557,NA,NA,NA
"chr17",7676058,7676058,1,"+","GACGGAAACCGTAGCTGCCC","TGG",7676058,7676055,"region_19",65,FALSE,FALSE,FALSE,FALSE,FALSE,"CTGG",0.0623551165934663,0.66469045,"spacer_235",0.363522783296733,65,"ENST00000413465.6",314,"exon",3,539,NA,NA,NA
"chr17",7676062,7676062,1,"+","GAAACCGTAGCTGCCCTGGT","AGG",7676062,7676059,"region_19",60,FALSE,FALSE,FALSE,FALSE,FALSE,"TAGG",0.156412220383996,0.631146175,"spacer_236",0.393779197691998,60,"ENST00000413465.6",310,"exon",3,535,NA,NA,NA
"chr17",7676091,7676091,1,"+","GGGAAGGGACAGAAGATGAC","AGG",7676091,7676088,"region_19",55,FALSE,FALSE,FALSE,FALSE,FALSE,"CAGG",0.236517945785287,0.729199235,"spacer_241",0.482858590392643,55,"ENST00000413465.6",281,"exon",3,506,NA,NA,NA
"chr17",7676092,7676092,1,"+","GGAAGGGACAGAAGATGACA","GGG",7676092,7676089,"region_19",50,FALSE,FALSE,FALSE,FALSE,FALSE,"AGGG",0.31346788526936,0.60663775,"spacer_242",0.46005281763468,50,"ENST00000413465.6",280,"exon",3,505,NA,NA,NA
"chr17",7676093,7676093,1,"+","GAAGGGACAGAAGATGACAG","GGG",7676093,7676090,"region_19",50,FALSE,FALSE,FALSE,FALSE,FALSE,"GGGG",0.788953285805958,0.82878745,"spacer_243",0.808870367902979,50,"ENST00000413465.6",279,"exon",3,504,NA,NA,NA
"chr17",7676121,7676121,1,"-","ACCAGCAGCTCCTACACCGG","CGG",7676121,7676124,"region_19",65,FALSE,FALSE,FALSE,FALSE,FALSE,"GCGG",0.369569773675902,0.80523315,"spacer_254",0.587401461837951,65,"ENST00000413465.6",245,"exon",3,470,NA,NA,NA
"chr17",7676124,7676124,1,"-","TGCACCAGCAGCTCCTACAC","CGG",7676124,7676127,"region_19",60,FALSE,FALSE,FALSE,FALSE,FALSE,"CCGG",0.194989958639351,0.679926185,"spacer_256",0.437458071819676,60,"ENST00000413465.6",242,"exon",3,467,NA,NA,NA
"chr17",7676138,7676138,1,"+","GCCGCCGGTGTAGGAGCTGC","TGG",7676138,7676135,"region_19",75,FALSE,FALSE,FALSE,FALSE,FALSE,"CTGG",0.04764712625376,0.54161901,"spacer_258",0.29463306812688,75,"ENST00000413465.6",234,"exon",3,459,NA,NA,NA
"chr17",7676144,7676144,1,"+","GGTGTAGGAGCTGCTGGTGC","AGG",7676144,7676141,"region_19",65,FALSE,FALSE,FALSE,FALSE,FALSE,"CAGG",0.0291390124635666,0.791907935,"spacer_259",0.410523473731783,65,"ENST00000413465.6",228,"exon",3,453,NA,NA,NA
"chr17",7676145,7676145,1,"+","GTGTAGGAGCTGCTGGTGCA","GGG",7676145,7676142,"region_19",60,FALSE,FALSE,FALSE,FALSE,FALSE,"AGGG",0.174783360522153,0.69591238,"spacer_260",0.435347870261077,60,"ENST00000413465.6",227,"exon",3,452,NA,NA,NA
"chr17",7676146,7676146,1,"+","TGTAGGAGCTGCTGGTGCAG","GGG",7676146,7676143,"region_19",60,FALSE,FALSE,FALSE,FALSE,FALSE,"GGGG",0.232154641669041,0.814249815,"spacer_261",0.523202228334521,60,"ENST00000413465.6",226,"exon",3,451,NA,NA,NA
"chr17",7676166,7676166,1,"-","TGAAGCTCCCAGAATGCCAG","AGG",7676166,7676169,"region_19",55,FALSE,FALSE,FALSE,FALSE,FALSE,"GAGG",0.682435505896503,0.83826747,"spacer_268",0.760351487948252,55,"ENST00000413465.6",200,"exon",3,425,NA,NA,NA
"chr17",7676176,7676176,1,"+","GGGAGCAGCCTCTGGCATTC","TGG",7676176,7676173,"region_19",65,FALSE,FALSE,FALSE,FALSE,FALSE,"CTGG",0.00703473053304983,0.678867835,"spacer_270",0.342951282766525,65,"ENST00000413465.6",196,"exon",3,421,NA,NA,NA
"chr17",7676177,7676177,1,"+","GGAGCAGCCTCTGGCATTCT","GGG",7676177,7676174,"region_19",60,FALSE,FALSE,FALSE,FALSE,FALSE,"TGGG",0.0190129770953342,0.62322601,"spacer_271",0.321119493547667,60,"ENST00000413465.6",195,"exon",3,420,NA,NA,NA
"chr17",7676189,7676189,1,"+","GGCATTCTGGGAGCTTCATC","TGG",7676189,7676186,"region_19",55,FALSE,FALSE,FALSE,FALSE,FALSE,"CTGG",0.0528198520199685,0.73556801,"spacer_272",0.394193931009984,55,"ENST00000413465.6",183,"exon",3,408,NA,NA,NA
"chr17",7676195,7676195,1,"-","CAATGGTTCACTGAAGACCC","AGG",7676195,7676198,"region_19",50,FALSE,FALSE,FALSE,FALSE,FALSE,"CAGG",0.182036149962083,0.615873685,"spacer_273",0.398954917481042,50,"ENST00000413465.6",171,"exon",3,396,NA,NA,NA
"chr17",7676195,7676195,1,"+","CTGGGAGCTTCATCTGGACC","TGG",7676195,7676192,"region_19",60,FALSE,FALSE,FALSE,FALSE,FALSE,"CTGG",0.0220775245734215,0.73556801,"spacer_274",0.378822767286711,60,"ENST00000413465.6",177,"exon",3,402,NA,NA,NA
"chr17",7676196,7676196,1,"+","TGGGAGCTTCATCTGGACCT","GGG",7676196,7676193,"region_19",55,FALSE,FALSE,FALSE,FALSE,FALSE,"TGGG",0.0697659568634557,0.744944925,"spacer_275",0.407355440931728,55,"ENST00000413465.6",176,"exon",3,401,NA,NA,NA
"chr17",7676228,7676228,1,"+","AACCATTGTTCAATATCGTC","CGG",7676228,7676225,"region_19",35,FALSE,FALSE,FALSE,FALSE,FALSE,"CCGG",0.0674578088700571,0.562648845,"spacer_277",0.315053326935029,35,"ENST00000413465.6",144,"exon",3,369,NA,NA,NA
"chr17",7676229,7676229,1,"-","GGATGATTTGATGCTGTCCC","CGG",7676229,7676232,"region_19",50,FALSE,FALSE,FALSE,FALSE,FALSE,"CCGG",0.365874203479327,0.659749,"spacer_278",0.512811601739664,50,"ENST00000413465.6",137,"exon",3,362,NA,NA,NA
"chr17",7676229,7676229,1,"+","ACCATTGTTCAATATCGTCC","GGG",7676229,7676226,"region_19",40,FALSE,FALSE,FALSE,FALSE,FALSE,"CGGG",0.0442886841057192,0.67885847,"spacer_279",0.36157357705286,40,"ENST00000413465.6",143,"exon",3,368,NA,NA,NA
"chr17",7676230,7676230,1,"+","CCATTGTTCAATATCGTCCG","GGG",7676230,7676227,"region_19",45,FALSE,FALSE,FALSE,FALSE,FALSE,"GGGG",0.525507163247788,0.72461367,"spacer_280",0.625060416623894,45,"ENST00000413465.6",142,"exon",3,367,NA,NA,NA
"chr17",7676256,7676256,1,"+","GCATCAAATCATCCATTGCT","TGG",7676256,7676253,"region_19",40,FALSE,FALSE,FALSE,FALSE,FALSE,"TTGG",0.127627203801614,0.45954278,"spacer_282",0.293584991900807,40,"ENST00000413465.6",116,"exon",3,341,NA,NA,NA
"chr17",7676257,7676257,1,"+","CATCAAATCATCCATTGCTT","GGG",7676257,7676254,"region_19",35,FALSE,FALSE,FALSE,FALSE,FALSE,"TGGG",0.238616532600272,0.74937578,"spacer_283",0.493996156300136,35,"ENST00000413465.6",115,"exon",3,340,NA,NA,NA
"chr17",7676261,7676261,1,"+","AAATCATCCATTGCTTGGGA","CGG",7676261,7676258,"region_19",40,FALSE,FALSE,FALSE,FALSE,FALSE,"ACGG",0.146543206916877,0.555327165,"spacer_284",0.350935185958438,40,"ENST00000413465.6",111,"exon",3,336,NA,NA,NA
"chr17",7676266,7676266,1,"+","ATCCATTGCTTGGGACGGCA","AGG",7676266,7676263,"region_19",55,FALSE,FALSE,FALSE,FALSE,FALSE,"AAGG",0.0400724479645499,0.56733776,"spacer_285",0.303705103982275,55,"ENST00000413465.6",106,"exon",3,331,NA,NA,NA
"chr17",7676267,7676267,1,"+","TCCATTGCTTGGGACGGCAA","GGG",7676267,7676264,"region_19",55,FALSE,FALSE,FALSE,FALSE,FALSE,"AGGG",0.322444713845712,0.754424945,"spacer_286",0.538434829422856,55,"ENST00000413465.6",105,"exon",3,330,NA,NA,NA
"chr17",7676268,7676268,1,"+","CCATTGCTTGGGACGGCAAG","GGG",7676268,7676265,"region_19",60,FALSE,FALSE,FALSE,FALSE,FALSE,"GGGG",0.0763961873762488,0.81435753,"spacer_287",0.445376858688124,60,"ENST00000413465.6",104,"exon",3,329,NA,NA,NA
"chr17",7676269,7676269,1,"+","CATTGCTTGGGACGGCAAGG","GGG",7676269,7676266,"region_19",60,FALSE,FALSE,FALSE,FALSE,FALSE,"GGGG",0.349068291849391,0.743231275,"spacer_288",0.546149783424696,60,"ENST00000413465.6",103,"exon",3,328,NA,NA,NA
"chr17",7676530,7676530,1,"+","GATCCACTCACAGTTTCCAT","AGG",7676530,7676527,"region_23",45,FALSE,FALSE,FALSE,FALSE,FALSE,"TAGG",0.685267995130284,0.70791134,"spacer_292",0.696589667565142,45,"ENST00000413465.6",68,"exon",1,67,NA,NA,NA
"chr17",7676558,7676558,1,"+","AAATGTTTCCTGACTCAGAG","GGG",7676558,7676555,"region_23",40,FALSE,FALSE,FALSE,FALSE,FALSE,"GGGG",0.359987922959211,0.727845835,"spacer_296",0.543916878979606,40,"ENST00000413465.6",40,"exon",1,39,NA,NA,NA
"chr17",7676559,7676559,1,"+","AATGTTTCCTGACTCAGAGG","GGG",7676559,7676556,"region_23",45,FALSE,FALSE,FALSE,FALSE,FALSE,"GGGG",0.358787884662264,0.833218305,"spacer_297",0.596003094831132,45,"ENST00000413465.6",39,"exon",1,38,NA,NA,NA
"chr17",7676583,7676583,1,"+","TCGACGCTAGGATCTGACTG","CGG",7676583,7676580,"region_23",55,FALSE,FALSE,FALSE,FALSE,FALSE,"GCGG",0.641675260698718,0.75896824,"spacer_299",0.700321750349359,55,"ENST00000413465.6",15,"exon",1,14,NA,NA,NA
"chr17",7676590,7676590,1,"-","CTTCCGGGTCACTGCCATGG","AGG",7676590,7676593,"region_23",65,FALSE,FALSE,FALSE,FALSE,FALSE,"GAGG",0.0673246329026468,0.75860799,"spacer_300",0.412966311451323,65,"ENST00000413465.6",2,"exon",1,1,NA,NA,NA
"chr17",7676594,7676594,1,"+","ATCTGACTGCGGCTCCTCCA","TGG",7676594,7676591,"region_23",60,FALSE,FALSE,FALSE,FALSE,FALSE,"ATGG",0.254579397194322,0.735315475,"spacer_301",0.494947436097161,60,"ENST00000413465.6",4,"exon",1,3,NA,NA,NA
